id,game_id,name,storyline,first_release_date,follow_count,hype_count,critic_rating_value,critic_rating_count,user_rating_value,user_rating_count
173512,45802,90 Minutes: Sega Championship Football,NULL,2001-12-31 00:00:00.000,NULL,NULL,NULL,NULL,NULL,NULL
21601,71612,911 Fire Rescue,NULL,2001-12-31 00:00:00.000,1,1,NULL,NULL,NULL,NULL
171533,73691,A Dark and Stormy Entry,NULL,2001-12-31 00:00:00.000,NULL,NULL,NULL,NULL,NULL,NULL
77735,141554,A Day for Fresh Sushi,NULL,2001-12-31 00:00:00.000,NULL,NULL,NULL,NULL,NULL,NULL
126592,121167,A2 Racer IV: De Politie slaat terug,NULL,2001-12-31 00:00:00.000,1,NULL,NULL,NULL,NULL,NULL
50895,141497,Abenteuer Stahl,NULL,2001-12-31 00:00:00.000,1,NULL,NULL,NULL,NULL,NULL
38671,135092,Acid Moon,NULL,2001-12-31 00:00:00.000,1,1,NULL,NULL,NULL,NULL
119618,205712,Air Fli: Misuzu-chin Kiki Ippatsu,NULL,2001-12-30 00:00:00.000,NULL,NULL,NULL,NULL,NULL,NULL
87829,18048,Air Trix,NULL,2001-12-31 00:00:00.000,NULL,NULL,NULL,NULL,NULL,NULL
189641,15827,Airxonix,NULL,2001-12-31 00:00:00.000,2,NULL,NULL,NULL,NULL,NULL
92722,139132,Alien Infestation,NULL,2001-12-31 00:00:00.000,1,1,NULL,NULL,NULL,NULL
116207,134562,Alien X,NULL,2001-12-31 00:00:00.000,NULL,1,NULL,NULL,NULL,NULL
145282,16304,AlterEgo: Browser-Based Life Simulation Game,NULL,2001-12-31 00:00:00.000,1,NULL,NULL,NULL,NULL,NULL
177630,72035,Ancient Evil: Curse of the Snake Cult,NULL,2001-12-31 00:00:00.000,NULL,NULL,NULL,NULL,NULL,NULL
99571,98963,Anstoß Action,NULL,2001-12-31 00:00:00.000,NULL,NULL,NULL,NULL,NULL,NULL
182500,71725,Antz Racing,NULL,2001-12-31 00:00:00.000,NULL,NULL,NULL,NULL,NULL,NULL
34501,204565,Apocripha/0 Fanbox Happiness Cage,"An angel falls from Heaven to the Abyss, and here he cultivates a kingdom, the kingdom of Hell (Naraku), becoming the King of Hell. He tries to build a beautiful land, but it can never reach the beauty of Heaven: the demons live in troubled times, being attacked by fallen angels who survive the fall to the Abyss, fearing the bloodshed caused by these insane former angels against them. The King starts to become weak and tired, and with his last power, he gave birth to two new hopes: a prince with golden hair born from his red right eye, and a price with silver hair born from his blue left eye.

The King decides that the two twin prices, Alex and Platina, are to fight each other, and the winner who proves his power will become the new king of Hell, while the loser will face death. As such, Alex and Platina, who never even knew each other, are thrust into a battle against each other, and the future will change depending on the outcome.

Now find out what happened behind the scenes, before the battle for succession was to take place...",2001-12-29 00:00:00.000,NULL,NULL,NULL,NULL,NULL,NULL
154708,43947,Army Men World War: Team Assault,NULL,2001-12-28 00:00:00.000,NULL,NULL,NULL,NULL,NULL,NULL
119984,73447,Art is Dead,NULL,2001-12-31 00:00:00.000,1,1,NULL,NULL,NULL,NULL
50382,11095,Atlantis 3: The New World,NULL,2001-12-31 00:00:00.000,3,NULL,NULL,NULL,NULL,NULL
73191,9056,Atlantis The Lost Empire,NULL,2001-12-31 00:00:00.000,4,NULL,NULL,NULL,60.5990,8
130218,169902,Atlas: The Gift of Aramai,NULL,2001-12-31 00:00:00.000,NULL,NULL,NULL,NULL,NULL,NULL
34820,222109,Azu-Cola,NULL,2001-12-31 00:00:00.000,NULL,NULL,NULL,NULL,NULL,NULL
162146,222347,Azumanga RPG,NULL,2001-12-31 00:00:00.000,NULL,NULL,NULL,NULL,NULL,NULL
64151,222183,Azu-Tama,NULL,2001-12-31 00:00:00.000,NULL,NULL,NULL,NULL,NULL,NULL
98128,62016,B-17 Gunner: Air War Over Germany,NULL,2001-12-31 00:00:00.000,1,NULL,NULL,NULL,NULL,NULL
146427,200377,Baby Felix's Activity Center,NULL,2001-12-31 00:00:00.000,NULL,NULL,NULL,NULL,NULL,NULL
162541,50902,Backyard Football 2002,NULL,2001-12-31 00:00:00.000,NULL,NULL,NULL,NULL,NULL,NULL
9803,49196,Ballistic: Ecks vs. Sever,NULL,2001-12-27 00:00:00.000,NULL,NULL,NULL,NULL,NULL,NULL
165171,200589,Barbie Pet Rescue,NULL,2001-12-31 00:00:00.000,NULL,NULL,NULL,NULL,NULL,NULL
107244,129773,Batta Batta: Kejserens Gave,NULL,2001-12-31 00:00:00.000,NULL,NULL,NULL,NULL,NULL,NULL
156378,198698,Battlebots,NULL,2001-12-31 00:00:00.000,NULL,NULL,NULL,NULL,NULL,NULL
101996,61898,Battlecruiser Millennium,NULL,2001-12-31 00:00:00.000,1,1,NULL,NULL,NULL,NULL
70676,165517,Beauty or the Beast,NULL,2001-12-31 00:00:00.000,NULL,NULL,NULL,NULL,NULL,NULL
149765,206297,Blasterball Wild,NULL,2001-12-31 00:00:00.000,NULL,NULL,NULL,NULL,NULL,NULL
136117,5754,Blood Wake,NULL,2001-12-28 00:00:00.000,NULL,NULL,80.0000,1,NULL,NULL
99543,194786,Blue Beard,"Long time ago, or maybe it happened not very long ago, a pirate ship sank off the African coast. Well, the ship sank but a wicked thug Blue Beard survived. He settled in Africa and started to torment animals. He used to tie them up with very thick ropes. Blue Beard used to catch young animals and lock them in cages. He wanted to sell them and get a lot of money.
It could have been a very sad story, but the Parrot had got a good idea. It decided to bring a brave boy Victor to Africa. Victor said that he was not at all afraid of Blue Beard. He took his plane and started to Africa.",2001-12-31 00:00:00.000,NULL,NULL,NULL,NULL,NULL,NULL
99580,194787,Blue Beard 2,"A map falls into Victor's hands. Victor is a brave boy and the main character of this story. A place where a treasure is buried is drawn on this map. Victor goes to Africa on a steamship and gets off on an unfamiliar coast. He sets out on his hazardous journey consulting his map.

Victor walks a narrow path in the jungle making his way through lianas. Growling of wild animals is heard from all sides. Suddenly someone comes down onto the path. Why, it is Victor's old friend - the Parrot! They are very glad to see each other. Victor finds out that he is again in the same place where he has fought against the wicked thug Blue Beard not long ago.The Parrot tells Victor that Blue Beard has repaired his ship and he is going to become a pirate again. Victor tells the Parrot that he hopes to find the buried treasure with the help of the animals, of course. The friends start walking forward. Blue Beard jumps out of the bushes. He wants to know why Victor is in Africa again.",2001-12-31 00:00:00.000,NULL,NULL,NULL,NULL,NULL,NULL
7029,9701,Blue's Clues: Blue's Big Musical,NULL,2001-12-31 00:00:00.000,NULL,NULL,NULL,NULL,NULL,NULL
55480,217655,Boardz Freestyle Frenzy,NULL,2001-12-31 00:00:00.000,NULL,NULL,NULL,NULL,NULL,NULL
147023,93967,Bob et Bobette: Les Dompteurs du Temps,"The criminal Crimson just escape from prison. Lambique disappear mysteriously after this terrible news.
Bob and Bobette investigate and reach the Professor's lab to find Lambique hat in the time machine.
They accept to travel the time to find Lambique.",2001-12-31 00:00:00.000,NULL,NULL,NULL,NULL,NULL,NULL
73247,131371,Bounce,NULL,2001-12-31 00:00:00.000,NULL,NULL,NULL,NULL,NULL,NULL
78719,135291,Bulanci,The game sees players battle other Bulanci called EAP (extremely aggressive pillows). It is a 2D game with a top down view. The history within the game follows the trajectory of human history.,2001-12-31 00:00:00.000,NULL,NULL,NULL,NULL,NULL,NULL
56497,144405,Bundesliga Manager X,NULL,2001-12-31 00:00:00.000,NULL,1,NULL,NULL,NULL,NULL
42894,136544,Cabela's Big Game Hunter 5: Platinum,NULL,2001-12-31 00:00:00.000,1,1,NULL,NULL,NULL,NULL
176828,72036,Cabela's Ultimate Deer Hunt,NULL,2001-12-31 00:00:00.000,1,1,NULL,NULL,NULL,NULL
188349,216292,Cebolinha & Floquinho,NULL,2001-12-31 00:00:00.000,NULL,NULL,NULL,NULL,NULL,NULL
148639,23249,Chemicus,"A man by the name of Richard accidentally discovers the portal into an unknown city called Chemicus. Richard chooses to enter the city, but when he enters he is captured by strange men wearing white hoods. After being captured he is locked up in a prison, where he is being held. Richard is accused of trespassing in Chemicus, and of attempting to steal ""transmission molecules"" in order to damage the city's energy source. The story is played through the eyes of one of Richard's friends, who enters Chemicus in a bid to help Richard escape captivity.",2001-12-31 00:00:00.000,NULL,NULL,NULL,NULL,NULL,NULL
64059,57682,Chemicus: Journey to the Other Side,NULL,2001-12-31 00:00:00.000,1,1,NULL,NULL,NULL,NULL
188350,216294,Chico Bento: Um Dia na Roça,NULL,2001-12-31 00:00:00.000,NULL,NULL,NULL,NULL,NULL,NULL
154569,71228,CIA Operative: Solo Missions,NULL,2001-12-31 00:00:00.000,1,1,NULL,NULL,NULL,NULL
104557,70775,Clifford the Big Red Dog: Thinking Adventures,NULL,2001-12-31 00:00:00.000,NULL,NULL,NULL,NULL,NULL,NULL
91295,80574,CoLoBot,NULL,2001-12-31 00:00:00.000,2,1,NULL,NULL,NULL,NULL
164405,4203,Comanche 4,NULL,2001-12-31 00:00:00.000,7,NULL,80.0000,1,62.7124,10
179115,206992,Combat 3D,NULL,2001-12-31 00:00:00.000,NULL,NULL,NULL,NULL,NULL,NULL
131848,169983,Country House,NULL,2001-12-31 00:00:00.000,NULL,NULL,NULL,NULL,NULL,NULL
111539,83236,Country Varmint Hunter,NULL,2001-12-31 00:00:00.000,1,1,NULL,NULL,NULL,NULL
124019,155011,Creatures: Docking Station,NULL,2001-12-31 00:00:00.000,NULL,NULL,NULL,NULL,NULL,NULL
78316,140504,CrossCraze,NULL,2001-12-31 00:00:00.000,NULL,NULL,NULL,NULL,NULL,NULL
25317,49191,Cruis'n Velocity,NULL,2001-12-30 00:00:00.000,NULL,NULL,NULL,NULL,NULL,NULL
16616,21614,Cube,NULL,2001-12-31 00:00:00.000,NULL,NULL,59.0000,2,NULL,NULL
39327,72868,Cyber Virus: CinciClassic Edition,NULL,2001-12-31 00:00:00.000,NULL,NULL,NULL,NULL,NULL,NULL
122255,141213,Dark Mist - The Wizard Vanishes,NULL,2001-12-31 00:00:00.000,NULL,1,NULL,NULL,NULL,NULL
167451,208718,Deep Sea Fishing 2: Offshore Angler,NULL,2001-12-31 00:00:00.000,NULL,NULL,NULL,NULL,NULL,NULL
63158,142083,Der Clown,NULL,2001-12-31 00:00:00.000,1,1,NULL,NULL,NULL,NULL
61386,21951,Des Blood Racing,NULL,2001-12-31 00:00:00.000,NULL,NULL,NULL,NULL,NULL,NULL
120466,141452,Devilman ~Devil mahjong~,NULL,2001-12-31 00:00:00.000,NULL,NULL,NULL,NULL,NULL,NULL
63019,113964,Dicewars,NULL,2001-12-31 00:00:00.000,NULL,NULL,NULL,NULL,NULL,NULL
104348,142239,Die drei ??? 3 - Gespensterjagd,NULL,2001-12-31 00:00:00.000,1,NULL,NULL,NULL,NULL,NULL
123803,141154,Die goldene Maske,NULL,2001-12-31 00:00:00.000,1,1,NULL,NULL,NULL,NULL
742,91549,Dino Dave,NULL,2001-12-31 00:00:00.000,NULL,NULL,NULL,NULL,NULL,NULL
173571,78286,Disney's Extremely Goofy Skateboarding,"In the first game type, the character needs to collect a number of items. There are 3 goals per level and when two have been completed, a key appears, granting access to a next part. Goofy and Max provide tips in the beginning. The second game type, Tech, has a time restriction. The player needs to score a set amount of points to proceed. The best routes are marked with an orange arrow and tricks can be combined into combos. The third mode, Super Skate, allows free play on the unlocked tracks and the fourth mode is used to practise tricks. After selecting a specific trick, the button combinations appear on the screen and after a demo players need to repeat it. The final game mode, Fun, is a large half pipe in an arena. It is only available when all locations have been unlocked.",2001-12-31 00:00:00.000,NULL,NULL,NULL,NULL,NULL,NULL
160868,50307,Disney's Magic Artist Deluxe,"Discover the tools to bring art to life. Disney's Magic Artist Deluxe is an interactive art studio featuring effects and wacky tools to give kids the power to create their own art. Play with the Blender that mixes up colors and textures with the push of a button, or try a Texture Pumper that gushes out five different 3-D designs. Create desktop patterns with the Tile Tool or give the Pastry Tool a squeeze to squirt frosting and sprinkle on toppings.",2001-12-31 00:00:00.000,NULL,NULL,NULL,NULL,NULL,NULL
173609,74101,Disney's Mickey Saves the Day: 3D Adventure,"The town's mayor has gone missing (Mickey, when playing as Minnie and vice versa) and Mickey's arch-nemesis Pete appoints himself as the new mayor. Soon his influence changes the town: a giant factory is built and all the money is stolen from the bank. The player needs to find out what has happened and return the peace.",2001-12-31 00:00:00.000,NULL,NULL,NULL,NULL,NULL,NULL
153538,43724,Disney's Pooh's Party Game: In Search of the Treasure,NULL,2001-12-28 00:00:00.000,NULL,NULL,NULL,NULL,NULL,NULL
152838,222279,Donkey Kong 5: The Journey of Over Time and Space,NULL,2001-12-31 00:00:00.000,NULL,NULL,NULL,NULL,NULL,NULL
60903,141526,Dragon Ball Z Tournament,NULL,2001-12-31 00:00:00.000,NULL,NULL,NULL,NULL,NULL,NULL
177930,132134,Dragon Riders: Chronicles of Pern,NULL,2001-12-31 00:00:00.000,NULL,NULL,NULL,NULL,NULL,NULL
84349,9427,Earth and Sky,NULL,2001-12-31 00:00:00.000,NULL,NULL,NULL,NULL,NULL,NULL
47932,153618,EB Worlds,NULL,2001-12-31 00:00:00.000,NULL,NULL,NULL,NULL,NULL,NULL
176036,202701,Economic War,NULL,2001-12-31 00:00:00.000,NULL,NULL,NULL,NULL,NULL,NULL
136994,94429,Egypte Kids,"The game is set in Heliopolis, a city located on the banks of the River Nile, in Ancient Egypt. The player solves mysteries to learn about subjects like life in Egypt and the Egyptian Gods. Dragoo, a mischievous young dragon, is the player's guide through the game. The game also includes an Ancient Egypt multimedia encyclopaedia.",2001-12-31 00:00:00.000,NULL,NULL,NULL,NULL,NULL,NULL
16004,93226,Erevos,NULL,2001-12-31 00:00:00.000,1,NULL,NULL,NULL,NULL,NULL
117573,49302,ESPN Great Outdoor Games: Bass 2002,NULL,2001-12-29 00:00:00.000,NULL,NULL,NULL,NULL,NULL,NULL
120671,23447,ESPN NFL PrimeTime 2002,NULL,2001-12-31 00:00:00.000,NULL,NULL,47.0000,1,NULL,NULL
93634,136517,Evernight,NULL,2001-12-31 00:00:00.000,NULL,NULL,NULL,NULL,NULL,NULL
86898,137690,Evolution Soccer,NULL,2001-12-31 00:00:00.000,NULL,NULL,NULL,NULL,NULL,NULL
180196,209247,Family Fun Game Collection,NULL,2001-12-31 00:00:00.000,NULL,NULL,NULL,NULL,NULL,NULL
115840,200368,Felix the Cat,NULL,2001-12-31 00:00:00.000,NULL,NULL,NULL,NULL,NULL,NULL
71884,73645,Field & Stream: Trophy Hunting 5,NULL,2001-12-31 00:00:00.000,1,NULL,NULL,NULL,NULL,NULL
31386,60006,First Things First,NULL,2001-12-31 00:00:00.000,NULL,NULL,NULL,NULL,NULL,NULL
62307,126323,FOG ...Seek the hidden truth,NULL,2001-12-31 00:00:00.000,NULL,NULL,NULL,NULL,NULL,NULL
144730,206136,Galaxy of Arcade Classics,NULL,2001-12-31 00:00:00.000,NULL,NULL,NULL,NULL,NULL,NULL
131125,144730,Genshi no Kotoba,NULL,2001-12-31 00:00:00.000,NULL,NULL,NULL,NULL,NULL,NULL
144229,209597,Get the Bunny,NULL,2001-12-31 00:00:00.000,NULL,NULL,NULL,NULL,NULL,NULL
28125,93211,Gianluca Vialli's European Manager,NULL,2001-12-31 00:00:00.000,NULL,NULL,NULL,NULL,NULL,NULL
180218,210778,Granbo,NULL,2001-12-28 00:00:00.000,NULL,NULL,NULL,NULL,NULL,NULL
76267,44936,Gunfighter: The Legend of Jesse James,NULL,2001-12-30 00:00:00.000,NULL,NULL,NULL,NULL,NULL,NULL
111107,49239,Guru Logic Champ,NULL,2001-12-29 00:00:00.000,NULL,NULL,NULL,NULL,NULL,NULL
142591,134619,Hades 2,NULL,2001-12-31 00:00:00.000,1,1,NULL,NULL,NULL,NULL
61315,128762,Hanamushi,NULL,2001-12-31 00:00:00.000,NULL,NULL,NULL,NULL,NULL,NULL
19185,198753,Harry Potter Book of Spells,NULL,2001-12-31 00:00:00.000,NULL,NULL,NULL,NULL,NULL,NULL
19429,198754,Harry Potter Fluffy Action Game,NULL,2001-12-31 00:00:00.000,NULL,NULL,NULL,NULL,NULL,NULL
190618,198755,Harry Potter Labyrinth,NULL,2001-12-31 00:00:00.000,NULL,NULL,NULL,NULL,NULL,NULL
118939,198758,Harry Potter: Electronic Quidditch Game,NULL,2001-12-31 00:00:00.000,NULL,NULL,NULL,NULL,NULL,NULL
171495,198759,Harry Potter: LED Force Feel Game,NULL,2001-12-31 00:00:00.000,NULL,NULL,NULL,NULL,NULL,NULL
19168,198757,Harry Potter: Mini Action Game - Harry Potter,NULL,2001-12-31 00:00:00.000,NULL,NULL,NULL,NULL,NULL,NULL
113716,153616,Hateful Chris: Never Say Buy,NULL,2001-12-31 00:00:00.000,NULL,NULL,NULL,NULL,NULL,NULL
142395,70002,Haunted Castle 3: Trevor's Quest,NULL,2001-12-31 00:00:00.000,NULL,NULL,NULL,NULL,NULL,NULL
162366,70991,Hot Wheels: Mechanix,NULL,2001-12-31 00:00:00.000,NULL,NULL,NULL,NULL,NULL,NULL
118474,142442,House of Cathalon,NULL,2001-12-31 00:00:00.000,1,NULL,NULL,NULL,NULL,NULL
187391,54103,Hover Ace,NULL,2001-12-31 00:00:00.000,NULL,NULL,NULL,NULL,NULL,NULL
92604,23556,Hugo: Black Diamond Fever,NULL,2001-12-31 00:00:00.000,NULL,NULL,71.0000,1,NULL,NULL
27192,15538,Hugo: The Forces of Nature,NULL,2001-12-31 00:00:00.000,NULL,NULL,NULL,NULL,NULL,NULL
84094,69183,Hunting Unlimited,NULL,2001-12-31 00:00:00.000,1,1,NULL,NULL,NULL,NULL
26917,210058,Hypertron,NULL,2001-12-31 00:00:00.000,NULL,NULL,NULL,NULL,NULL,NULL
15319,92218,Initial D Arcade Stage,NULL,2001-12-31 00:00:00.000,NULL,NULL,NULL,NULL,NULL,NULL
35869,169323,Inu no Osanpo,NULL,2001-12-31 00:00:00.000,NULL,NULL,NULL,NULL,NULL,NULL
37706,100268,Inuyasha,NULL,2001-12-27 00:00:00.000,NULL,NULL,NULL,NULL,NULL,NULL
139513,220943,J.League Winning Eleven 5,NULL,2001-12-31 00:00:00.000,NULL,NULL,NULL,NULL,NULL,NULL
88587,10471,Jekyll & Hyde,NULL,2001-12-31 00:00:00.000,NULL,NULL,NULL,NULL,NULL,NULL
172042,208809,Jimmy White's Cueball World,NULL,2001-12-31 00:00:00.000,NULL,NULL,NULL,NULL,NULL,NULL
100380,222874,Jogo do Banquinho do Raul Gil,NULL,2001-12-31 00:00:00.000,NULL,NULL,NULL,NULL,NULL,NULL
18579,210006,Jonny Moseley: Mad Trix,NULL,2001-12-31 00:00:00.000,NULL,NULL,NULL,NULL,NULL,NULL
100244,142898,Journey's End,NULL,2001-12-31 00:00:00.000,NULL,NULL,NULL,NULL,NULL,NULL
95203,140313,Judgement Silversword,NULL,2001-12-31 00:00:00.000,NULL,NULL,NULL,NULL,NULL,NULL
166532,185887,Jumpstart Spy Masters: Unmask the Prankster,NULL,2001-12-31 00:00:00.000,NULL,NULL,NULL,NULL,NULL,NULL
43714,67348,JumpStart Wildlife Safari Field Trip,NULL,2001-12-31 00:00:00.000,NULL,NULL,NULL,NULL,NULL,NULL
19734,198789,Jurassic Park III: T-Rex Jaw Chomping Action Game,NULL,2001-12-31 00:00:00.000,NULL,NULL,NULL,NULL,NULL,NULL
148853,43864,Kamen Rider Agito,NULL,2001-12-29 00:00:00.000,NULL,NULL,NULL,NULL,NULL,NULL
52183,165491,Karate Kamil vs. Ninja Nejat,NULL,2001-12-31 00:00:00.000,NULL,NULL,NULL,NULL,NULL,NULL
69005,100078,Kartoffelpüree: Der Gemüse-Shooter,NULL,2001-12-31 00:00:00.000,NULL,NULL,NULL,NULL,NULL,NULL
122286,186416,Kinder Pingui: Fresh Adventures,"Pingui and Milch-Schnitte must go and defeat the evil baddies in this side-scrolling, action packed, 2D adventure!",2001-12-31 00:00:00.000,NULL,NULL,NULL,NULL,NULL,NULL
141703,123607,Kioh Gyoku,NULL,2001-12-29 00:00:00.000,NULL,NULL,NULL,NULL,NULL,NULL
72061,128365,Kiwame Mahjong Deluxe: Mirai Senshi 21,NULL,2001-12-31 00:00:00.000,NULL,NULL,NULL,NULL,NULL,NULL
63287,50474,Knights of the Cross,NULL,2001-12-31 00:00:00.000,NULL,NULL,NULL,NULL,NULL,NULL
142504,220963,Kommissar Kugelblitz: Das Geheimnis von Spooky Hill,Inspector Kugelblitz has to solve a case about a falsified last will in Scotland.,2001-12-31 00:00:00.000,NULL,NULL,NULL,NULL,NULL,NULL
28185,145977,La Fabbrica Spaziale,NULL,2001-12-31 00:00:00.000,NULL,NULL,NULL,NULL,NULL,NULL
28166,145976,La Giungla Tenebrosa,NULL,2001-12-31 00:00:00.000,NULL,NULL,NULL,NULL,NULL,NULL
28167,145980,La Montagna Misteriosa,NULL,2001-12-31 00:00:00.000,NULL,NULL,NULL,NULL,NULL,NULL
28199,145975,La Valle Magica,NULL,2001-12-31 00:00:00.000,NULL,NULL,NULL,NULL,NULL,NULL
43544,71839,Leadfoot: Stadium Off-Road Racing,NULL,2001-12-31 00:00:00.000,NULL,NULL,NULL,NULL,NULL,NULL
129110,66631,LEGO Creator: Harry Potter,NULL,2001-12-31 00:00:00.000,2,NULL,NULL,NULL,NULL,NULL
71225,126077,Les Visiteurs: La Relique De Sainte Rolande,"As the medallion of Sainte Rolande (which is believed to be a source of fertility) has stayed in the 20th century, Godefroy de Montmirail has to bring it back to the year 1132, in order to have children.",2001-12-31 00:00:00.000,NULL,NULL,NULL,NULL,NULL,NULL
152500,77903,Links: Championship Edition,NULL,2001-12-31 00:00:00.000,NULL,NULL,NULL,NULL,NULL,NULL
61115,39594,Lupin The 3rd The Shooting,NULL,2001-12-31 00:00:00.000,NULL,NULL,NULL,NULL,NULL,NULL
34321,136558,Magic: The Gathering,NULL,2001-12-31 00:00:00.000,NULL,NULL,NULL,NULL,NULL,NULL
188251,69641,Magna Carta: The Phantom of Avalanche,NULL,2001-12-28 00:00:00.000,NULL,NULL,NULL,NULL,NULL,NULL
9132,123221,Mahjong Haoh: Jansou Battle,NULL,2001-12-31 00:00:00.000,NULL,NULL,NULL,NULL,NULL,NULL
44704,210203,Mahjongg Empire,NULL,2001-12-31 00:00:00.000,NULL,NULL,NULL,NULL,NULL,NULL
44726,210209,Mahjongg Master: Egyptian Edition,NULL,2001-12-31 00:00:00.000,NULL,NULL,NULL,NULL,NULL,NULL
138150,117772,Mario & Luigi,NULL,2001-12-31 00:00:00.000,NULL,NULL,NULL,NULL,NULL,NULL
95938,146545,Max Resistance,NULL,2001-12-31 00:00:00.000,NULL,NULL,NULL,NULL,NULL,NULL
101876,61383,McDonald's Monogatari: Honobono Tenchou Ikusei Game,NULL,2001-12-31 00:00:00.000,NULL,NULL,NULL,NULL,NULL,NULL
110274,55141,Medabots 4,NULL,2001-12-31 00:00:00.000,NULL,NULL,NULL,NULL,NULL,NULL
171713,55142,Medabots 5: Susutake Mura no Tenkousei,"The game follows the adventures of Koishimaru Tensan, who has recently moved to the small town of Susutake. Koishimaru gets a new Medarotch and meets a boy named Yamato Shijimi, but his Medarotch breaks after he gets pushed into cow manure. He later finds an abandoned Medarotch and Medarot (Chrotojil (Kabuto) or Shinzan (Kuwagata)) inside of a tree and is forced to activate them in a sudden Robottle.",2001-12-31 00:00:00.000,NULL,NULL,NULL,NULL,NULL,NULL
95770,131581,Medieval Masters Collection,NULL,2001-12-31 00:00:00.000,NULL,NULL,NULL,NULL,NULL,NULL
7217,58529,Memorial Series: Sunsoft vol. 3,NULL,2001-12-27 00:00:00.000,NULL,NULL,NULL,NULL,NULL,NULL
123663,71347,Mercer Mayer's Little Critter and the Great Race,NULL,2001-12-31 00:00:00.000,NULL,NULL,NULL,NULL,NULL,NULL
42578,144378,Mia's Math Adventure: Just in Time!,NULL,2001-12-31 00:00:00.000,NULL,NULL,NULL,NULL,NULL,NULL
165974,73734,Microsoft Flight Simulator 2002,NULL,2001-12-31 00:00:00.000,NULL,NULL,NULL,NULL,NULL,NULL
37415,209511,Mike Tyson Boxing,NULL,2001-12-31 00:00:00.000,NULL,NULL,NULL,NULL,NULL,NULL
76492,61667,Mocap Boxing,NULL,2001-12-31 00:00:00.000,NULL,NULL,NULL,NULL,NULL,NULL
181403,49438,Moorhen 3: The Chicken Chase!,NULL,2001-12-31 00:00:00.000,NULL,NULL,NULL,NULL,NULL,NULL
131729,178047,Muumit ja Taikalamppu,NULL,2001-12-31 00:00:00.000,NULL,NULL,NULL,NULL,NULL,NULL
41753,71348,Nacah,NULL,2001-12-31 00:00:00.000,NULL,NULL,NULL,NULL,NULL,NULL
183622,131507,Namco Museum,NULL,2001-12-31 00:00:00.000,NULL,NULL,NULL,NULL,NULL,NULL
55085,47757,NFL Blitz: Special Edition,NULL,2001-12-28 00:00:00.000,NULL,NULL,NULL,NULL,NULL,NULL
154334,86211,NightStone,NULL,2001-12-31 00:00:00.000,NULL,NULL,NULL,NULL,NULL,NULL
108423,94528,Noctis,NULL,2001-12-31 00:00:00.000,NULL,NULL,NULL,NULL,NULL,NULL
79661,49738,Okuman Chouja Game: Nottori Daisakusen!,NULL,2001-12-30 00:00:00.000,NULL,NULL,NULL,NULL,NULL,NULL
176280,69877,Ominous Horizons: A Paladin's Calling,NULL,2001-12-31 00:00:00.000,1,1,NULL,NULL,NULL,NULL
2721,151935,Onslaught,NULL,2001-12-31 00:00:00.000,NULL,NULL,NULL,NULL,NULL,NULL
55197,56737,Pachi-Slot Aruze Ōkoku Pocket: DEKAHEL,NULL,2001-12-31 00:00:00.000,NULL,NULL,NULL,NULL,NULL,NULL
146022,175901,PainStation,NULL,2001-12-31 00:00:00.000,NULL,NULL,NULL,NULL,NULL,NULL
120768,25446,Paintball Heroes,NULL,2001-12-31 00:00:00.000,1,1,NULL,NULL,NULL,NULL
143982,94569,PC Fútbol 2001,NULL,2001-12-31 00:00:00.000,NULL,NULL,NULL,NULL,NULL,NULL
129888,71730,Pearl Harbor Attack! Attack!,NULL,2001-12-31 00:00:00.000,1,1,NULL,NULL,NULL,NULL
142727,69574,Pearl Harbor: Defend the Fleet,NULL,2001-12-31 00:00:00.000,1,1,NULL,NULL,NULL,NULL
157857,30276,Pharaoh + Cleopatra,NULL,2001-12-31 00:00:00.000,4,NULL,NULL,NULL,83.6018,5
115402,66751,Piposh in: A Dream Come True,"A mysterious man invites characters from the previous games in the Piposh series, as well as some new ones into a mysterious and dark castle. The game contains many arcade-style minigames, with the humor one expects from a game in the series.",2001-12-31 00:00:00.000,NULL,NULL,NULL,NULL,NULL,NULL
135039,147881,Pixeline: fuld af fis og ballade,NULL,2001-12-31 00:00:00.000,NULL,NULL,NULL,NULL,NULL,NULL
82914,49358,Planet of the Apes,NULL,2001-12-30 00:00:00.000,NULL,NULL,NULL,NULL,NULL,NULL
181328,209572,Play Chess Fritz 7,NULL,2001-12-31 00:00:00.000,NULL,NULL,NULL,NULL,NULL,NULL
177254,73453,Playhouse Disney: Stanley Tiger Tales,NULL,2001-12-31 00:00:00.000,NULL,NULL,NULL,NULL,NULL,NULL
59628,159212,Plunder & Pillage,NULL,2001-12-31 00:00:00.000,NULL,NULL,NULL,NULL,NULL,NULL
185470,43530,Police 24/7,NULL,2001-12-31 00:00:00.000,NULL,NULL,NULL,NULL,NULL,NULL
143101,165157,Project: Undead,NULL,2001-12-31 00:00:00.000,NULL,NULL,NULL,NULL,NULL,NULL
4307,165485,Pumpy,NULL,2001-12-31 00:00:00.000,NULL,NULL,NULL,NULL,NULL,NULL
171544,60016,Pytho's Mask,NULL,2001-12-31 00:00:00.000,NULL,NULL,NULL,NULL,NULL,NULL
173455,194448,Rainbow Islands,NULL,2001-12-31 00:00:00.000,NULL,NULL,NULL,NULL,NULL,NULL
81205,174553,Rammy No Daibouken,NULL,2001-12-31 00:00:00.000,NULL,NULL,NULL,NULL,NULL,NULL
79061,61276,Rayman vs Cullcut,NULL,2001-12-31 00:00:00.000,NULL,NULL,NULL,NULL,NULL,NULL
179948,139351,Reader Rabbit 1st Grade: Capers on Cloud Nine,NULL,2001-12-31 00:00:00.000,NULL,NULL,NULL,NULL,NULL,NULL
73504,139350,Reader Rabbit Kindergarten: Bounce Down in Balloon Town,NULL,2001-12-31 00:00:00.000,NULL,NULL,NULL,NULL,NULL,NULL
73505,139349,Reader Rabbit Preschool: Sparkle Star Rescue,NULL,2001-12-31 00:00:00.000,NULL,NULL,NULL,NULL,NULL,NULL
180427,209275,Real Dominoes,NULL,2001-12-31 00:00:00.000,NULL,NULL,NULL,NULL,NULL,NULL
152971,93439,Real Lives,NULL,2001-12-31 00:00:00.000,NULL,NULL,NULL,NULL,NULL,NULL
61084,70421,Ricochet Xtreme,NULL,2001-12-31 00:00:00.000,NULL,NULL,NULL,NULL,NULL,NULL
177943,12473,Road to India: Between Hell and Nirvana,NULL,2001-12-31 00:00:00.000,2,NULL,NULL,NULL,NULL,NULL
155126,112909,RoboCop,NULL,2001-12-31 00:00:00.000,NULL,NULL,NULL,NULL,NULL,NULL
131087,154832,Rummel & Rabalder: I Snarkofagens Skugga,NULL,2001-12-31 00:00:00.000,NULL,NULL,NULL,NULL,NULL,NULL
117002,119205,Run=Dim as Black Soul,NULL,2001-12-31 00:00:00.000,NULL,NULL,NULL,NULL,NULL,NULL
125148,186107,Safari Biathlon,NULL,2001-12-31 00:00:00.000,NULL,NULL,NULL,NULL,NULL,NULL
157437,49790,Sangokushi,NULL,2001-12-30 00:00:00.000,NULL,NULL,NULL,NULL,NULL,NULL
110370,131524,Scrabble,NULL,2001-12-31 00:00:00.000,NULL,NULL,NULL,NULL,NULL,NULL
164860,73800,Secret Service: In Harm's Way,NULL,2001-12-31 00:00:00.000,1,1,NULL,NULL,NULL,NULL
164920,206629,Section Z,NULL,2001-12-31 00:00:00.000,NULL,NULL,NULL,NULL,NULL,NULL
118640,136874,Sega Smash Pack: Twin Pack,NULL,2001-12-31 00:00:00.000,NULL,NULL,NULL,NULL,NULL,NULL
165138,71770,Shark! Hunting the Great White,NULL,2001-12-31 00:00:00.000,1,1,NULL,NULL,NULL,NULL
22489,6047,Shikigami no Shiro,NULL,2001-12-31 00:00:00.000,NULL,NULL,68.0000,1,NULL,NULL
101716,93008,Show do Milhão,NULL,2001-12-31 00:00:00.000,NULL,NULL,NULL,NULL,NULL,NULL
182033,222006,Show do Milhão 4,NULL,2001-12-31 00:00:00.000,NULL,NULL,NULL,NULL,NULL,NULL
54815,143271,Ski Stunt Simulator,NULL,2001-12-31 00:00:00.000,NULL,NULL,NULL,NULL,NULL,NULL
174953,4153,Smuggler's Run: Warzones,NULL,2001-12-31 00:00:00.000,2,NULL,80.0000,2,71.0000,3
28975,136876,Sonic Action 4 Pack,NULL,2001-12-31 00:00:00.000,NULL,NULL,NULL,NULL,NULL,NULL
63499,54383,Speed Thief,NULL,2001-12-31 00:00:00.000,1,1,NULL,NULL,NULL,NULL
57009,144387,Speedboat Racer Europe,NULL,2001-12-31 00:00:00.000,NULL,1,NULL,NULL,NULL,NULL
174635,67777,Speedy Eggbert 2,NULL,2001-12-31 00:00:00.000,NULL,NULL,NULL,NULL,NULL,NULL
9031,39791,Spikers Battle,NULL,2001-12-31 00:00:00.000,NULL,NULL,NULL,NULL,NULL,NULL
30408,85878,Star Strike,NULL,2001-12-31 00:00:00.000,NULL,NULL,NULL,NULL,NULL,NULL
68547,94231,State of War,NULL,2001-12-31 00:00:00.000,1,NULL,NULL,NULL,NULL,NULL
58502,22221,Street Fighter Alpha 3 Upper,NULL,2001-12-31 00:00:00.000,NULL,NULL,70.0000,1,NULL,NULL
94127,73946,Super Puzzle Fighter II X for Matching Service,NULL,2001-12-31 00:00:00.000,NULL,NULL,NULL,NULL,NULL,NULL
84753,217768,Tale of the Kissing Bandit,NULL,2001-12-31 00:00:00.000,NULL,NULL,NULL,NULL,NULL,NULL
104093,139248,Tennis,NULL,2001-12-31 00:00:00.000,NULL,NULL,NULL,NULL,NULL,NULL
81722,213054,Tenori-on,NULL,2001-12-31 00:00:00.000,NULL,NULL,NULL,NULL,NULL,NULL
16192,122732,TerraRealms: The Discovery - Episode I,NULL,2001-12-31 00:00:00.000,NULL,NULL,NULL,NULL,NULL,NULL
5254,39487,The Crystal of Kings,"Once long ago, the land was governed by kings who wielded crystals, orbs of magic that rival the power of the gods. Amongst them was an ambitious man named Nightspirit, who grew corrupt with his crystal's power. Dubbing himself the Crystal of Kings, he unleashed a hellish army of monsters in an attempt to pillage the land's remaining crystals for himself. The just and elderly king of Estorea entrusted his country's crystal to his loyal knight, Cocco. He begs him to band together with the other kingdoms' warriors to destroy the evil tyrant.",2001-12-31 00:00:00.000,NULL,NULL,NULL,NULL,NULL,NULL
19049,13773,The Famous Five: Dangerous Discovery,NULL,2001-12-31 00:00:00.000,NULL,NULL,NULL,NULL,NULL,NULL
76066,13774,The Famous Five: Five on a Secret Mission,NULL,2001-12-31 00:00:00.000,NULL,NULL,NULL,NULL,NULL,NULL
170457,69555,The Land Before Time,NULL,2001-12-31 00:00:00.000,NULL,NULL,NULL,NULL,NULL,NULL
152546,9172,The Nations,NULL,2001-12-31 00:00:00.000,NULL,NULL,NULL,NULL,NULL,NULL
162187,180256,The Nerve Game,NULL,2001-12-31 00:00:00.000,NULL,NULL,NULL,NULL,NULL,NULL
101811,58777,The Three Decoders 1 - Riddle of the Ring,NULL,2001-12-31 00:00:00.000,NULL,NULL,NULL,NULL,NULL,NULL
151285,6642,Tiny Toon Adventures: Wacky Stackers,NULL,2001-12-30 00:00:00.000,NULL,NULL,NULL,NULL,NULL,NULL
43253,92323,Top Shot II,NULL,2001-12-31 00:00:00.000,1,1,NULL,NULL,NULL,NULL
142268,46369,Toy Racer,NULL,2001-12-31 00:00:00.000,NULL,NULL,NULL,NULL,NULL,NULL
179677,57660,Traffic Giant,NULL,2001-12-31 00:00:00.000,NULL,NULL,NULL,NULL,50.0000,2
46648,64389,Udos sagner: Sveakampen,NULL,2001-12-31 00:00:00.000,NULL,NULL,NULL,NULL,NULL,NULL
148250,72885,Ultimate Ride: Disney Coaster,NULL,2001-12-31 00:00:00.000,NULL,NULL,NULL,NULL,NULL,NULL
107803,74100,Under Ash,NULL,2001-12-31 00:00:00.000,NULL,NULL,NULL,NULL,NULL,NULL
11542,93024,Vet Emergency,NULL,2001-12-31 00:00:00.000,1,1,NULL,NULL,NULL,NULL
167073,124497,Vital Device: Entrapped by the Queen,NULL,2001-12-31 00:00:00.000,NULL,NULL,NULL,NULL,NULL,NULL
13145,24999,War Doves,NULL,2001-12-31 00:00:00.000,NULL,1,NULL,NULL,NULL,NULL
85110,79563,WarHeads SE,NULL,2001-12-31 00:00:00.000,NULL,NULL,NULL,NULL,NULL,NULL
101577,153615,Waterslide Island,NULL,2001-12-31 00:00:00.000,NULL,NULL,NULL,NULL,NULL,NULL
103171,175969,Welcome to GameCube World!!,NULL,2001-12-31 00:00:00.000,NULL,NULL,NULL,NULL,NULL,NULL
27973,49458,Who Wants To Be a Millionaire: Junior,NULL,2001-12-31 00:00:00.000,NULL,NULL,NULL,NULL,NULL,NULL
182179,213764,Winthorp's Mansion,NULL,2001-12-31 00:00:00.000,NULL,NULL,NULL,NULL,NULL,NULL
178384,25285,WWII Combat Iwo Jima,"Welcome to the fight, soldier… The deafening thunder of artillery fire echoes the pounding heart in your chest as you wade onto a beach littered with the bodies of your fallen comrades. In front of you: 8 square miles of rugged volcanic island, broken by the weapons of war, and ocuppied by hostile Japanese forces. Welcome to hell on Earth… This shattered piece of land is invaluable to the United States as a potential staging point for offensive sorties on Tokyo and winning the war for the Allies. Your mission: Seize this island from a heavily entrenched enemy in what was the largest amphibious assault in Marine history. Welcome to Iwo Jima…",2001-12-31 00:00:00.000,1,NULL,NULL,NULL,NULL,NULL
35371,109439,Wyvern Wings,NULL,2001-12-31 00:00:00.000,NULL,NULL,NULL,NULL,NULL,NULL
45047,51776,X: Gold,NULL,2001-12-31 00:00:00.000,NULL,NULL,NULL,NULL,NULL,NULL
60648,37314,Xi (sai) Little,NULL,2001-12-31 00:00:00.000,NULL,NULL,NULL,NULL,NULL,NULL
1182,93117,Xiao Ao Jiang Hu 2: Wu Yue Jian Pai,NULL,2001-12-31 00:00:00.000,NULL,NULL,NULL,NULL,NULL,NULL
12994,185970,Zero Comico,NULL,2001-12-31 00:00:00.000,NULL,NULL,NULL,NULL,NULL,NULL
39071,49460,Zoids Saga,NULL,2001-12-30 00:00:00.000,NULL,NULL,NULL,NULL,NULL,NULL
194932,76702,Zwei: The Arges Adventure,"Pokkle and Pipiro are two step-siblings living by themselves in the ho-hum village of Puck on the time-forgotten floating continent of Arges. Pokkle loves making terrible puns and wears a tail for funsies, and Pipiro loves buying fashionable clothes and has no filter whatsoever. Together, they meander through what seems to be a peaceful, monotonous existence in their sleepy little burg where nothing interesting ever happens.

Until something does, anyway! A mysterious masked figure shows up one night and steals six holy idols from the local shrine. The self-proclaimed “Archduke of Arges” tenders a hefty reward for their return, and our “brave” duo jumps at the chance to go find them – Pokkle for the glory, and Pipiro strictly for the cash moneys.",2001-12-30 00:00:00.000,2,NULL,67.0000,2,70.0000,0
